<?xml version="1.0" encoding="UTF-8"?>
<zabbix_export>
    <version>4.4</version>
    <date>2021-08-20T20:00:15Z</date>
    <groups>
        <group>
            <name>Templates</name>
        </group>
    </groups>
    <templates>
        <template>
            <template>Template App PTAF ElasticSearch</template>
            <name>Template App PTAF ElasticSearch</name>
            <groups>
                <group>
                    <name>Templates</name>
                </group>
            </groups>
            <applications>
                <application>
                    <name>Cluster</name>
                </application>
                <application>
                    <name>Indices</name>
                </application>
                <application>
                    <name>Nodes</name>
                </application>
            </applications>
            <items>
                <item>
                    <name>Indices count</name>
                    <key>pt_elastic_zabbix[cluster,indices:count]</key>
                    <delay>60</delay>
                    <history>7d</history>
                    <applications>
                        <application>
                            <name>Cluster</name>
                        </application>
                    </applications>
                </item>
                <item>
                    <name>Documents per second</name>
                    <key>pt_elastic_zabbix[cluster,indices:docs:count]</key>
                    <delay>60</delay>
                    <history>7d</history>
                    <applications>
                        <application>
                            <name>Cluster</name>
                        </application>
                    </applications>
                    <preprocessing>
                        <step>
                            <type>CHANGE_PER_SECOND</type>
                            <params/>
                        </step>
                    </preprocessing>
                </item>
                <item>
                    <name>Field data evictions</name>
                    <key>pt_elastic_zabbix[cluster,indices:fielddata:evictions]</key>
                    <delay>60</delay>
                    <history>7d</history>
                    <applications>
                        <application>
                            <name>Cluster</name>
                        </application>
                    </applications>
                </item>
                <item>
                    <name>Field data size</name>
                    <key>pt_elastic_zabbix[cluster,indices:fielddata:memory_size_in_bytes]</key>
                    <delay>60</delay>
                    <history>7d</history>
                    <units>b</units>
                    <applications>
                        <application>
                            <name>Cluster</name>
                        </application>
                    </applications>
                </item>
                <item>
                    <name>Filter cache evictions</name>
                    <key>pt_elastic_zabbix[cluster,indices:filter_cache:evictions]</key>
                    <delay>60</delay>
                    <history>7d</history>
                    <applications>
                        <application>
                            <name>Cluster</name>
                        </application>
                    </applications>
                </item>
                <item>
                    <name>Filter cache size</name>
                    <key>pt_elastic_zabbix[cluster,indices:filter_cache:memory_size_in_bytes]</key>
                    <delay>60</delay>
                    <history>7d</history>
                    <units>b</units>
                    <applications>
                        <application>
                            <name>Cluster</name>
                        </application>
                    </applications>
                </item>
                <item>
                    <name>Shards count</name>
                    <key>pt_elastic_zabbix[cluster,indices:shards:total]</key>
                    <delay>60</delay>
                    <history>7d</history>
                    <applications>
                        <application>
                            <name>Cluster</name>
                        </application>
                    </applications>
                </item>
                <item>
                    <name>Nodes data</name>
                    <key>pt_elastic_zabbix[cluster,nodes:count:data_only]</key>
                    <delay>60</delay>
                    <history>7d</history>
                    <applications>
                        <application>
                            <name>Cluster</name>
                        </application>
                    </applications>
                </item>
                <item>
                    <name>Nodes total</name>
                    <key>pt_elastic_zabbix[cluster,nodes:count:total]</key>
                    <delay>60</delay>
                    <history>7d</history>
                    <applications>
                        <application>
                            <name>Cluster</name>
                        </application>
                    </applications>
                </item>
                <item>
                    <name>Active primary shards</name>
                    <key>pt_elastic_zabbix[health,active_primary_shards]</key>
                    <delay>60</delay>
                    <history>7d</history>
                    <applications>
                        <application>
                            <name>Cluster</name>
                        </application>
                    </applications>
                </item>
                <item>
                    <name>Active shards</name>
                    <key>pt_elastic_zabbix[health,active_shards]</key>
                    <delay>60</delay>
                    <history>7d</history>
                    <applications>
                        <application>
                            <name>Cluster</name>
                        </application>
                    </applications>
                </item>
                <item>
                    <name>Initializing shards</name>
                    <key>pt_elastic_zabbix[health,initializing_shards]</key>
                    <delay>60</delay>
                    <history>7d</history>
                    <applications>
                        <application>
                            <name>Cluster</name>
                        </application>
                    </applications>
                </item>
                <item>
                    <name>Pending tasks</name>
                    <key>pt_elastic_zabbix[health,number_of_pending_tasks]</key>
                    <delay>60</delay>
                    <history>7d</history>
                    <applications>
                        <application>
                            <name>Cluster</name>
                        </application>
                    </applications>
                </item>
                <item>
                    <name>Relocating shards</name>
                    <key>pt_elastic_zabbix[health,relocating_shards]</key>
                    <delay>60</delay>
                    <history>7d</history>
                    <applications>
                        <application>
                            <name>Cluster</name>
                        </application>
                    </applications>
                </item>
                <item>
                    <name>Cluster status</name>
                    <key>pt_elastic_zabbix[health,status]</key>
                    <delay>60</delay>
                    <history>7d</history>
                    <trends>0</trends>
                    <value_type>CHAR</value_type>
                    <applications>
                        <application>
                            <name>Cluster</name>
                        </application>
                    </applications>
                    <triggers>
                        <trigger>
                            <expression>{str(red)}=1</expression>
                            <name>ElasticSearch Cluster Status is Red</name>
                            <priority>HIGH</priority>
                        </trigger>
                        <trigger>
                            <expression>{str(yellow)}=1</expression>
                            <name>ElasticSearch Cluster Status is Yellow</name>
                            <priority>WARNING</priority>
                        </trigger>
                    </triggers>
                </item>
                <item>
                    <name>Unassigned shards</name>
                    <key>pt_elastic_zabbix[health,unassigned_shards]</key>
                    <delay>60</delay>
                    <history>7d</history>
                    <applications>
                        <application>
                            <name>Cluster</name>
                        </application>
                    </applications>
                    <triggers>
                        <trigger>
                            <expression>{last()}&gt;0</expression>
                            <name>Unassigned Shards</name>
                            <priority>WARNING</priority>
                        </trigger>
                    </triggers>
                </item>
                <item>
                    <name>Total flush rate</name>
                    <key>pt_elastic_zabbix[indices,_all:total:flush:total]</key>
                    <delay>60</delay>
                    <history>7d</history>
                    <applications>
                        <application>
                            <name>Indices</name>
                        </application>
                    </applications>
                    <preprocessing>
                        <step>
                            <type>CHANGE_PER_SECOND</type>
                            <params/>
                        </step>
                    </preprocessing>
                </item>
                <item>
                    <name>Average flush latency</name>
                    <key>pt_elastic_zabbix[indices,_all:total:flush:total_time_in_millis]</key>
                    <delay>60</delay>
                    <history>7d</history>
                    <units>ms</units>
                    <applications>
                        <application>
                            <name>Indices</name>
                        </application>
                    </applications>
                    <preprocessing>
                        <step>
                            <type>CHANGE_PER_SECOND</type>
                            <params/>
                        </step>
                    </preprocessing>
                </item>
                <item>
                    <name>Average get latency</name>
                    <key>pt_elastic_zabbix[indices,_all:total:get:time_in_millis]</key>
                    <delay>60</delay>
                    <history>7d</history>
                    <units>ms</units>
                    <applications>
                        <application>
                            <name>Indices</name>
                        </application>
                    </applications>
                    <preprocessing>
                        <step>
                            <type>CHANGE_PER_SECOND</type>
                            <params/>
                        </step>
                    </preprocessing>
                </item>
                <item>
                    <name>Total get rate</name>
                    <key>pt_elastic_zabbix[indices,_all:total:get:total]</key>
                    <delay>60</delay>
                    <history>7d</history>
                    <applications>
                        <application>
                            <name>Indices</name>
                        </application>
                    </applications>
                    <preprocessing>
                        <step>
                            <type>CHANGE_PER_SECOND</type>
                            <params/>
                        </step>
                    </preprocessing>
                </item>
                <item>
                    <name>Average indexing latency</name>
                    <key>pt_elastic_zabbix[indices,_all:total:indexing:index_time_in_millis]</key>
                    <delay>60</delay>
                    <history>7d</history>
                    <units>ms</units>
                    <applications>
                        <application>
                            <name>Indices</name>
                        </application>
                    </applications>
                    <preprocessing>
                        <step>
                            <type>CHANGE_PER_SECOND</type>
                            <params/>
                        </step>
                    </preprocessing>
                </item>
                <item>
                    <name>Total indexing rate</name>
                    <key>pt_elastic_zabbix[indices,_all:total:indexing:index_total]</key>
                    <delay>60</delay>
                    <history>7d</history>
                    <applications>
                        <application>
                            <name>Indices</name>
                        </application>
                    </applications>
                    <preprocessing>
                        <step>
                            <type>CHANGE_PER_SECOND</type>
                            <params/>
                        </step>
                    </preprocessing>
                </item>
                <item>
                    <name>Total merge rate</name>
                    <key>pt_elastic_zabbix[indices,_all:total:merges:total]</key>
                    <delay>60</delay>
                    <history>7d</history>
                    <applications>
                        <application>
                            <name>Indices</name>
                        </application>
                    </applications>
                    <preprocessing>
                        <step>
                            <type>CHANGE_PER_SECOND</type>
                            <params/>
                        </step>
                    </preprocessing>
                </item>
                <item>
                    <name>Average merge latency</name>
                    <key>pt_elastic_zabbix[indices,_all:total:merges:total_time_in_millis]</key>
                    <delay>60</delay>
                    <history>7d</history>
                    <units>ms</units>
                    <applications>
                        <application>
                            <name>Indices</name>
                        </application>
                    </applications>
                    <preprocessing>
                        <step>
                            <type>CHANGE_PER_SECOND</type>
                            <params/>
                        </step>
                    </preprocessing>
                </item>
                <item>
                    <name>Total refresh rate</name>
                    <key>pt_elastic_zabbix[indices,_all:total:refresh:total]</key>
                    <delay>60</delay>
                    <history>7d</history>
                    <applications>
                        <application>
                            <name>Indices</name>
                        </application>
                    </applications>
                    <preprocessing>
                        <step>
                            <type>CHANGE_PER_SECOND</type>
                            <params/>
                        </step>
                    </preprocessing>
                </item>
                <item>
                    <name>Average refresh latency</name>
                    <key>pt_elastic_zabbix[indices,_all:total:refresh:total_time_in_millis]</key>
                    <delay>60</delay>
                    <history>7d</history>
                    <units>ms</units>
                    <applications>
                        <application>
                            <name>Indices</name>
                        </application>
                    </applications>
                    <preprocessing>
                        <step>
                            <type>CHANGE_PER_SECOND</type>
                            <params/>
                        </step>
                    </preprocessing>
                </item>
                <item>
                    <name>Average search latency</name>
                    <key>pt_elastic_zabbix[indices,_all:total:search:query_time_in_millis]</key>
                    <delay>60</delay>
                    <history>7d</history>
                    <units>ms</units>
                    <applications>
                        <application>
                            <name>Indices</name>
                        </application>
                    </applications>
                    <preprocessing>
                        <step>
                            <type>CHANGE_PER_SECOND</type>
                            <params/>
                        </step>
                    </preprocessing>
                </item>
                <item>
                    <name>Total search rate</name>
                    <key>pt_elastic_zabbix[indices,_all:total:search:query_total]</key>
                    <delay>60</delay>
                    <history>7d</history>
                    <applications>
                        <application>
                            <name>Indices</name>
                        </application>
                    </applications>
                    <preprocessing>
                        <step>
                            <type>CHANGE_PER_SECOND</type>
                            <params/>
                        </step>
                    </preprocessing>
                </item>
                <item>
                    <name>Warmer rate</name>
                    <key>pt_elastic_zabbix[indices,_all:total:warmer:total]</key>
                    <delay>60</delay>
                    <history>7d</history>
                    <applications>
                        <application>
                            <name>Indices</name>
                        </application>
                    </applications>
                    <preprocessing>
                        <step>
                            <type>CHANGE_PER_SECOND</type>
                            <params/>
                        </step>
                    </preprocessing>
                </item>
            </items>
            <discovery_rules>
                <discovery_rule>
                    <name>Index discovery</name>
                    <key>pt_elastic_zabbix[discover,indices]</key>
                    <delay>60</delay>
                    <status>DISABLED</status>
                    <lifetime>1d</lifetime>
                    <item_prototypes>
                        <item_prototype>
                            <name>{#NAME} docs count</name>
                            <type>ZABBIX_ACTIVE</type>
                            <key>pt_elastic_zabbix[indices, indices:{#NAME}:primaries:docs:count]</key>
                            <delay>1800</delay>
                            <history>7d</history>
                            <status>DISABLED</status>
                            <applications>
                                <application>
                                    <name>Indices</name>
                                </application>
                            </applications>
                        </item_prototype>
                        <item_prototype>
                            <name>{#NAME} searches</name>
                            <type>ZABBIX_ACTIVE</type>
                            <key>pt_elastic_zabbix[indices, indices:{#NAME}:totals:search:query_total]</key>
                            <delay>600</delay>
                            <history>7d</history>
                            <status>DISABLED</status>
                            <applications>
                                <application>
                                    <name>Indices</name>
                                </application>
                            </applications>
                            <preprocessing>
                                <step>
                                    <type>SIMPLE_CHANGE</type>
                                    <params/>
                                </step>
                            </preprocessing>
                        </item_prototype>
                    </item_prototypes>
                </discovery_rule>
                <discovery_rule>
                    <name>Node discovery</name>
                    <key>pt_elastic_zabbix[discover,nodes]</key>
                    <delay>60</delay>
                    <lifetime>1d</lifetime>
                    <item_prototypes>
                        <item_prototype>
                            <name>{#NAME} fielddata breaker trips</name>
                            <key>pt_elastic_zabbix[nodes,nodes:{#NODE}:breakers:fielddata:tripped]</key>
                            <delay>60</delay>
                            <history>7d</history>
                            <applications>
                                <application>
                                    <name>Nodes</name>
                                </application>
                            </applications>
                            <preprocessing>
                                <step>
                                    <type>SIMPLE_CHANGE</type>
                                    <params/>
                                </step>
                            </preprocessing>
                            <trigger_prototypes>
                                <trigger_prototype>
                                    <expression>{last()}&gt;0</expression>
                                    <name>ElasticSearch fielddata breaker tripped on {#NAME}</name>
                                    <priority>INFO</priority>
                                </trigger_prototype>
                            </trigger_prototypes>
                        </item_prototype>
                        <item_prototype>
                            <name>{#NAME} parent breaker trips</name>
                            <key>pt_elastic_zabbix[nodes,nodes:{#NODE}:breakers:parent:tripped]</key>
                            <delay>60</delay>
                            <history>7d</history>
                            <applications>
                                <application>
                                    <name>Nodes</name>
                                </application>
                            </applications>
                            <preprocessing>
                                <step>
                                    <type>SIMPLE_CHANGE</type>
                                    <params/>
                                </step>
                            </preprocessing>
                            <trigger_prototypes>
                                <trigger_prototype>
                                    <expression>{last()}&gt;0</expression>
                                    <name>ElasticSearch parent breaker tripped on {#NAME}</name>
                                    <priority>INFO</priority>
                                </trigger_prototype>
                            </trigger_prototypes>
                        </item_prototype>
                        <item_prototype>
                            <name>{#NAME} request breaker trips</name>
                            <key>pt_elastic_zabbix[nodes,nodes:{#NODE}:breakers:request:tripped]</key>
                            <delay>60</delay>
                            <history>7d</history>
                            <applications>
                                <application>
                                    <name>Nodes</name>
                                </application>
                            </applications>
                            <preprocessing>
                                <step>
                                    <type>SIMPLE_CHANGE</type>
                                    <params/>
                                </step>
                            </preprocessing>
                            <trigger_prototypes>
                                <trigger_prototype>
                                    <expression>{last()}&gt;0</expression>
                                    <name>ElasticSearch request breaker tripped on {#NAME}</name>
                                    <priority>INFO</priority>
                                </trigger_prototype>
                            </trigger_prototypes>
                        </item_prototype>
                        <item_prototype>
                            <name>{#NAME} docs count</name>
                            <key>pt_elastic_zabbix[nodes,nodes:{#NODE}:indices:docs:count]</key>
                            <delay>60</delay>
                            <history>7d</history>
                            <applications>
                                <application>
                                    <name>Nodes</name>
                                </application>
                            </applications>
                        </item_prototype>
                        <item_prototype>
                            <name>{#NAME} docs deleted</name>
                            <key>pt_elastic_zabbix[nodes,nodes:{#NODE}:indices:docs:deleted]</key>
                            <delay>60</delay>
                            <history>7d</history>
                            <applications>
                                <application>
                                    <name>Nodes</name>
                                </application>
                            </applications>
                        </item_prototype>
                        <item_prototype>
                            <name>{#NAME} search fetches</name>
                            <key>pt_elastic_zabbix[nodes,nodes:{#NODE}:indices:search:fetch_total]</key>
                            <delay>60</delay>
                            <history>7d</history>
                            <applications>
                                <application>
                                    <name>Nodes</name>
                                </application>
                            </applications>
                            <preprocessing>
                                <step>
                                    <type>CHANGE_PER_SECOND</type>
                                    <params/>
                                </step>
                            </preprocessing>
                        </item_prototype>
                        <item_prototype>
                            <name>{#NAME} search queries</name>
                            <key>pt_elastic_zabbix[nodes,nodes:{#NODE}:indices:search:query_total]</key>
                            <delay>60</delay>
                            <history>7d</history>
                            <applications>
                                <application>
                                    <name>Nodes</name>
                                </application>
                            </applications>
                            <preprocessing>
                                <step>
                                    <type>CHANGE_PER_SECOND</type>
                                    <params/>
                                </step>
                            </preprocessing>
                        </item_prototype>
                        <item_prototype>
                            <name>{#NAME} index disk usage</name>
                            <key>pt_elastic_zabbix[nodes,nodes:{#NODE}:indices:store:size_in_bytes]</key>
                            <delay>60</delay>
                            <history>7d</history>
                            <units>b</units>
                            <applications>
                                <application>
                                    <name>Nodes</name>
                                </application>
                            </applications>
                        </item_prototype>
                        <item_prototype>
                            <name>{#NAME} jvm old collections</name>
                            <key>pt_elastic_zabbix[nodes,nodes:{#NODE}:jvm:gc:collectors:old:collection_count]</key>
                            <delay>60</delay>
                            <history>7d</history>
                            <applications>
                                <application>
                                    <name>Nodes</name>
                                </application>
                            </applications>
                            <preprocessing>
                                <step>
                                    <type>SIMPLE_CHANGE</type>
                                    <params/>
                                </step>
                            </preprocessing>
                        </item_prototype>
                        <item_prototype>
                            <name>{#NAME} jvm young collections</name>
                            <key>pt_elastic_zabbix[nodes,nodes:{#NODE}:jvm:gc:collectors:young:collection_count]</key>
                            <delay>60</delay>
                            <history>7d</history>
                            <applications>
                                <application>
                                    <name>Nodes</name>
                                </application>
                            </applications>
                            <preprocessing>
                                <step>
                                    <type>SIMPLE_CHANGE</type>
                                    <params/>
                                </step>
                            </preprocessing>
                        </item_prototype>
                        <item_prototype>
                            <name>{#NAME} jvm mem heap max</name>
                            <key>pt_elastic_zabbix[nodes,nodes:{#NODE}:jvm:mem:heap_max_in_bytes]</key>
                            <delay>3600</delay>
                            <history>7d</history>
                            <units>b</units>
                            <applications>
                                <application>
                                    <name>Nodes</name>
                                </application>
                            </applications>
                        </item_prototype>
                        <item_prototype>
                            <name>{#NAME} jvm heap used</name>
                            <key>pt_elastic_zabbix[nodes,nodes:{#NODE}:jvm:mem:heap_used_percent]</key>
                            <delay>60</delay>
                            <history>7d</history>
                            <units>%</units>
                            <applications>
                                <application>
                                    <name>Nodes</name>
                                </application>
                            </applications>
                            <trigger_prototypes>
                                <trigger_prototype>
                                    <expression>{last()}&gt;85</expression>
                                    <name>ElasticSearch Node Heap is over 85% on {#NAME}</name>
                                    <priority>HIGH</priority>
                                </trigger_prototype>
                            </trigger_prototypes>
                        </item_prototype>
                        <item_prototype>
                            <name>{#NAME} jvm mem old</name>
                            <key>pt_elastic_zabbix[nodes,nodes:{#NODE}:jvm:mem:pools:old:used_in_bytes]</key>
                            <delay>60</delay>
                            <history>7d</history>
                            <units>b</units>
                            <applications>
                                <application>
                                    <name>Nodes</name>
                                </application>
                            </applications>
                        </item_prototype>
                        <item_prototype>
                            <name>{#NAME} jvm mem survivor</name>
                            <key>pt_elastic_zabbix[nodes,nodes:{#NODE}:jvm:mem:pools:survivor:used_in_bytes]</key>
                            <delay>60</delay>
                            <history>7d</history>
                            <units>b</units>
                            <applications>
                                <application>
                                    <name>Nodes</name>
                                </application>
                            </applications>
                        </item_prototype>
                        <item_prototype>
                            <name>{#NAME} jvm mem young</name>
                            <key>pt_elastic_zabbix[nodes,nodes:{#NODE}:jvm:mem:pools:young:used_in_bytes]</key>
                            <delay>60</delay>
                            <history>7d</history>
                            <units>b</units>
                            <applications>
                                <application>
                                    <name>Nodes</name>
                                </application>
                            </applications>
                        </item_prototype>
                        <item_prototype>
                            <name>{#NAME} jvm thread count</name>
                            <key>pt_elastic_zabbix[nodes,nodes:{#NODE}:jvm:threads:count]</key>
                            <delay>60</delay>
                            <history>7d</history>
                            <applications>
                                <application>
                                    <name>Nodes</name>
                                </application>
                            </applications>
                        </item_prototype>
                        <item_prototype>
                            <name>{#NAME} bulk threads</name>
                            <key>pt_elastic_zabbix[nodes,nodes:{#NODE}:thread_pool:bulk:completed]</key>
                            <delay>60</delay>
                            <history>7d</history>
                            <applications>
                                <application>
                                    <name>Nodes</name>
                                </application>
                            </applications>
                            <preprocessing>
                                <step>
                                    <type>CHANGE_PER_SECOND</type>
                                    <params/>
                                </step>
                            </preprocessing>
                        </item_prototype>
                        <item_prototype>
                            <name>{#NAME} bulk thread rejected</name>
                            <key>pt_elastic_zabbix[nodes,nodes:{#NODE}:thread_pool:bulk:rejected]</key>
                            <delay>60</delay>
                            <history>7d</history>
                            <applications>
                                <application>
                                    <name>Nodes</name>
                                </application>
                            </applications>
                            <preprocessing>
                                <step>
                                    <type>CHANGE_PER_SECOND</type>
                                    <params/>
                                </step>
                            </preprocessing>
                        </item_prototype>
                        <item_prototype>
                            <name>{#NAME} get threads</name>
                            <key>pt_elastic_zabbix[nodes,nodes:{#NODE}:thread_pool:get:completed]</key>
                            <delay>60</delay>
                            <history>7d</history>
                            <applications>
                                <application>
                                    <name>Nodes</name>
                                </application>
                            </applications>
                            <preprocessing>
                                <step>
                                    <type>CHANGE_PER_SECOND</type>
                                    <params/>
                                </step>
                            </preprocessing>
                        </item_prototype>
                        <item_prototype>
                            <name>{#NAME} get threads rejected</name>
                            <key>pt_elastic_zabbix[nodes,nodes:{#NODE}:thread_pool:get:rejected]</key>
                            <delay>60</delay>
                            <history>7d</history>
                            <applications>
                                <application>
                                    <name>Nodes</name>
                                </application>
                            </applications>
                            <preprocessing>
                                <step>
                                    <type>CHANGE_PER_SECOND</type>
                                    <params/>
                                </step>
                            </preprocessing>
                        </item_prototype>
                        <item_prototype>
                            <name>{#NAME} index threads</name>
                            <key>pt_elastic_zabbix[nodes,nodes:{#NODE}:thread_pool:index:completed]</key>
                            <delay>60</delay>
                            <history>7d</history>
                            <applications>
                                <application>
                                    <name>Nodes</name>
                                </application>
                            </applications>
                            <preprocessing>
                                <step>
                                    <type>CHANGE_PER_SECOND</type>
                                    <params/>
                                </step>
                            </preprocessing>
                        </item_prototype>
                        <item_prototype>
                            <name>{#NAME} listener threads</name>
                            <key>pt_elastic_zabbix[nodes,nodes:{#NODE}:thread_pool:listener:completed]</key>
                            <delay>60</delay>
                            <history>7d</history>
                            <applications>
                                <application>
                                    <name>Nodes</name>
                                </application>
                            </applications>
                            <preprocessing>
                                <step>
                                    <type>CHANGE_PER_SECOND</type>
                                    <params/>
                                </step>
                            </preprocessing>
                        </item_prototype>
                        <item_prototype>
                            <name>{#NAME} percolate threads</name>
                            <key>pt_elastic_zabbix[nodes,nodes:{#NODE}:thread_pool:percolate:completed]</key>
                            <delay>60</delay>
                            <history>7d</history>
                            <applications>
                                <application>
                                    <name>Nodes</name>
                                </application>
                            </applications>
                            <preprocessing>
                                <step>
                                    <type>CHANGE_PER_SECOND</type>
                                    <params/>
                                </step>
                            </preprocessing>
                        </item_prototype>
                        <item_prototype>
                            <name>{#NAME} refresh threads</name>
                            <key>pt_elastic_zabbix[nodes,nodes:{#NODE}:thread_pool:refresh:completed]</key>
                            <delay>60</delay>
                            <history>7d</history>
                            <applications>
                                <application>
                                    <name>Nodes</name>
                                </application>
                            </applications>
                            <preprocessing>
                                <step>
                                    <type>CHANGE_PER_SECOND</type>
                                    <params/>
                                </step>
                            </preprocessing>
                        </item_prototype>
                        <item_prototype>
                            <name>{#NAME} search threads</name>
                            <key>pt_elastic_zabbix[nodes,nodes:{#NODE}:thread_pool:search:completed]</key>
                            <delay>60</delay>
                            <history>7d</history>
                            <applications>
                                <application>
                                    <name>Nodes</name>
                                </application>
                            </applications>
                            <preprocessing>
                                <step>
                                    <type>CHANGE_PER_SECOND</type>
                                    <params/>
                                </step>
                            </preprocessing>
                        </item_prototype>
                        <item_prototype>
                            <name>{#NAME} snapshot threads</name>
                            <key>pt_elastic_zabbix[nodes,nodes:{#NODE}:thread_pool:snapshot:completed]</key>
                            <delay>60</delay>
                            <history>7d</history>
                            <applications>
                                <application>
                                    <name>Nodes</name>
                                </application>
                            </applications>
                            <preprocessing>
                                <step>
                                    <type>CHANGE_PER_SECOND</type>
                                    <params/>
                                </step>
                            </preprocessing>
                        </item_prototype>
                        <item_prototype>
                            <name>{#NAME} suggest threads</name>
                            <key>pt_elastic_zabbix[nodes,nodes:{#NODE}:thread_pool:suggest:completed]</key>
                            <delay>60</delay>
                            <history>7d</history>
                            <applications>
                                <application>
                                    <name>Nodes</name>
                                </application>
                            </applications>
                            <preprocessing>
                                <step>
                                    <type>CHANGE_PER_SECOND</type>
                                    <params/>
                                </step>
                            </preprocessing>
                        </item_prototype>
                        <item_prototype>
                            <name>{#NAME} transport rx per second</name>
                            <key>pt_elastic_zabbix[nodes,nodes:{#NODE}:transport:rx_count]</key>
                            <delay>60</delay>
                            <history>7d</history>
                            <applications>
                                <application>
                                    <name>Nodes</name>
                                </application>
                            </applications>
                            <preprocessing>
                                <step>
                                    <type>CHANGE_PER_SECOND</type>
                                    <params/>
                                </step>
                            </preprocessing>
                        </item_prototype>
                        <item_prototype>
                            <name>{#NAME} Incoming transport traffic</name>
                            <key>pt_elastic_zabbix[nodes,nodes:{#NODE}:transport:rx_size_in_bytes]</key>
                            <delay>60</delay>
                            <history>7d</history>
                            <units>bps</units>
                            <applications>
                                <application>
                                    <name>Nodes</name>
                                </application>
                            </applications>
                            <preprocessing>
                                <step>
                                    <type>CHANGE_PER_SECOND</type>
                                    <params/>
                                </step>
                            </preprocessing>
                        </item_prototype>
                        <item_prototype>
                            <name>{#NAME} transport connections</name>
                            <key>pt_elastic_zabbix[nodes,nodes:{#NODE}:transport:server_open]</key>
                            <delay>60</delay>
                            <history>7d</history>
                            <applications>
                                <application>
                                    <name>Nodes</name>
                                </application>
                            </applications>
                        </item_prototype>
                        <item_prototype>
                            <name>{#NAME} Outgoing transport traffic</name>
                            <key>pt_elastic_zabbix[nodes,nodes:{#NODE}:transport:tx_size_in_bytes]</key>
                            <delay>60</delay>
                            <history>7d</history>
                            <units>bps</units>
                            <applications>
                                <application>
                                    <name>Nodes</name>
                                </application>
                            </applications>
                            <preprocessing>
                                <step>
                                    <type>CHANGE_PER_SECOND</type>
                                    <params/>
                                </step>
                            </preprocessing>
                        </item_prototype>
                        <item_prototype>
                            <name>{#NAME} http connections</name>
                            <key>pt_elastic_zabbix[nodes,nodes:{#NODE}:http:total_opened]</key>
                            <delay>60</delay>
                            <history>7d</history>
                            <applications>
                                <application>
                                    <name>Nodes</name>
                                </application>
                            </applications>
                            <preprocessing>
                                <step>
                                    <type>CHANGE_PER_SECOND</type>
                                    <params/>
                                </step>
                            </preprocessing>
                        </item_prototype>
                        <item_prototype>
                            <name>{#NAME} warmer threads</name>
                            <key>pt_elastic_zabbix[nodes,nodes:{#NODE}:thread_pool:warmer:completed]</key>
                            <delay>60</delay>
                            <history>7d</history>
                            <applications>
                                <application>
                                    <name>Nodes</name>
                                </application>
                            </applications>
                            <preprocessing>
                                <step>
                                    <type>CHANGE_PER_SECOND</type>
                                    <params/>
                                </step>
                            </preprocessing>
                        </item_prototype>
                        <item_prototype>
                            <name>{#NAME} transport tx per second</name>
                            <key>pt_elastic_zabbix[nodes,nodes:{#NODE}:transport:tx_count]</key>
                            <delay>60</delay>
                            <history>7d</history>
                            <applications>
                                <application>
                                    <name>Nodes</name>
                                </application>
                            </applications>
                            <preprocessing>
                                <step>
                                    <type>CHANGE_PER_SECOND</type>
                                    <params/>
                                </step>
                            </preprocessing>
                        </item_prototype>
                    </item_prototypes>
                    <graph_prototypes>
                        <graph_prototype>
                            <name>{#NAME} Documents</name>
                            <graph_items>
                                <graph_item>
                                    <color>000000</color>
                                    <item>
                                        <host>Template App PTAF ElasticSearch</host>
                                        <key>pt_elastic_zabbix[nodes,nodes:{#NODE}:indices:docs:count]</key>
                                    </item>
                                </graph_item>
                                <graph_item>
                                    <sortorder>1</sortorder>
                                    <color>C80000</color>
                                    <item>
                                        <host>Template App PTAF ElasticSearch</host>
                                        <key>pt_elastic_zabbix[nodes,nodes:{#NODE}:indices:docs:deleted]</key>
                                    </item>
                                </graph_item>
                            </graph_items>
                        </graph_prototype>
                        <graph_prototype>
                            <name>{#NAME} JVM Heap</name>
                            <type>STACKED</type>
                            <ymax_type_1>ITEM</ymax_type_1>
                            <ymax_item_1>
                                <host>Template App PTAF ElasticSearch</host>
                                <key>pt_elastic_zabbix[nodes,nodes:{#NODE}:jvm:mem:heap_max_in_bytes]</key>
                            </ymax_item_1>
                            <graph_items>
                                <graph_item>
                                    <color>FF6666</color>
                                    <item>
                                        <host>Template App PTAF ElasticSearch</host>
                                        <key>pt_elastic_zabbix[nodes,nodes:{#NODE}:jvm:mem:pools:old:used_in_bytes]</key>
                                    </item>
                                </graph_item>
                                <graph_item>
                                    <sortorder>1</sortorder>
                                    <color>33FF33</color>
                                    <item>
                                        <host>Template App PTAF ElasticSearch</host>
                                        <key>pt_elastic_zabbix[nodes,nodes:{#NODE}:jvm:mem:pools:survivor:used_in_bytes]</key>
                                    </item>
                                </graph_item>
                                <graph_item>
                                    <sortorder>2</sortorder>
                                    <color>EEEE00</color>
                                    <item>
                                        <host>Template App PTAF ElasticSearch</host>
                                        <key>pt_elastic_zabbix[nodes,nodes:{#NODE}:jvm:mem:pools:young:used_in_bytes]</key>
                                    </item>
                                </graph_item>
                            </graph_items>
                        </graph_prototype>
                        <graph_prototype>
                            <name>{#NAME} Threads</name>
                            <graph_items>
                                <graph_item>
                                    <color>00C800</color>
                                    <item>
                                        <host>Template App PTAF ElasticSearch</host>
                                        <key>pt_elastic_zabbix[nodes,nodes:{#NODE}:thread_pool:bulk:completed]</key>
                                    </item>
                                </graph_item>
                                <graph_item>
                                    <sortorder>1</sortorder>
                                    <color>C80000</color>
                                    <item>
                                        <host>Template App PTAF ElasticSearch</host>
                                        <key>pt_elastic_zabbix[nodes,nodes:{#NODE}:thread_pool:get:completed]</key>
                                    </item>
                                </graph_item>
                                <graph_item>
                                    <sortorder>2</sortorder>
                                    <color>0000C8</color>
                                    <item>
                                        <host>Template App PTAF ElasticSearch</host>
                                        <key>pt_elastic_zabbix[nodes,nodes:{#NODE}:thread_pool:index:completed]</key>
                                    </item>
                                </graph_item>
                                <graph_item>
                                    <sortorder>3</sortorder>
                                    <color>C800C8</color>
                                    <item>
                                        <host>Template App PTAF ElasticSearch</host>
                                        <key>pt_elastic_zabbix[nodes,nodes:{#NODE}:thread_pool:listener:completed]</key>
                                    </item>
                                </graph_item>
                                <graph_item>
                                    <sortorder>4</sortorder>
                                    <color>00C8C8</color>
                                    <item>
                                        <host>Template App PTAF ElasticSearch</host>
                                        <key>pt_elastic_zabbix[nodes,nodes:{#NODE}:thread_pool:percolate:completed]</key>
                                    </item>
                                </graph_item>
                                <graph_item>
                                    <sortorder>5</sortorder>
                                    <color>C8C800</color>
                                    <item>
                                        <host>Template App PTAF ElasticSearch</host>
                                        <key>pt_elastic_zabbix[nodes,nodes:{#NODE}:thread_pool:refresh:completed]</key>
                                    </item>
                                </graph_item>
                                <graph_item>
                                    <sortorder>6</sortorder>
                                    <color>777777</color>
                                    <item>
                                        <host>Template App PTAF ElasticSearch</host>
                                        <key>pt_elastic_zabbix[nodes,nodes:{#NODE}:thread_pool:search:completed]</key>
                                    </item>
                                </graph_item>
                                <graph_item>
                                    <sortorder>7</sortorder>
                                    <item>
                                        <host>Template App PTAF ElasticSearch</host>
                                        <key>pt_elastic_zabbix[nodes,nodes:{#NODE}:thread_pool:snapshot:completed]</key>
                                    </item>
                                </graph_item>
                                <graph_item>
                                    <sortorder>8</sortorder>
                                    <color>960000</color>
                                    <item>
                                        <host>Template App PTAF ElasticSearch</host>
                                        <key>pt_elastic_zabbix[nodes,nodes:{#NODE}:thread_pool:suggest:completed]</key>
                                    </item>
                                </graph_item>
                                <graph_item>
                                    <sortorder>9</sortorder>
                                    <color>000096</color>
                                    <item>
                                        <host>Template App PTAF ElasticSearch</host>
                                        <key>pt_elastic_zabbix[nodes,nodes:{#NODE}:thread_pool:warmer:completed]</key>
                                    </item>
                                </graph_item>
                            </graph_items>
                        </graph_prototype>
                        <graph_prototype>
                            <name>{#NAME} Transport Traffic</name>
                            <graph_items>
                                <graph_item>
                                    <drawtype>GRADIENT_LINE</drawtype>
                                    <color>00AA00</color>
                                    <item>
                                        <host>Template App PTAF ElasticSearch</host>
                                        <key>pt_elastic_zabbix[nodes,nodes:{#NODE}:transport:rx_size_in_bytes]</key>
                                    </item>
                                </graph_item>
                                <graph_item>
                                    <sortorder>1</sortorder>
                                    <drawtype>GRADIENT_LINE</drawtype>
                                    <color>3333FF</color>
                                    <item>
                                        <host>Template App PTAF ElasticSearch</host>
                                        <key>pt_elastic_zabbix[nodes,nodes:{#NODE}:transport:tx_size_in_bytes]</key>
                                    </item>
                                </graph_item>
                            </graph_items>
                        </graph_prototype>
                    </graph_prototypes>
                </discovery_rule>
            </discovery_rules>
        </template>
    </templates>
    <graphs>
        <graph>
            <name>Cluster Nodes</name>
            <ymin_type_1>FIXED</ymin_type_1>
            <graph_items>
                <graph_item>
                    <drawtype>DASHED_LINE</drawtype>
                    <color>000000</color>
                    <item>
                        <host>Template App PTAF ElasticSearch</host>
                        <key>pt_elastic_zabbix[cluster,nodes:count:total]</key>
                    </item>
                </graph_item>
                <graph_item>
                    <sortorder>1</sortorder>
                    <drawtype>FILLED_REGION</drawtype>
                    <color>0000DD</color>
                    <item>
                        <host>Template App PTAF ElasticSearch</host>
                        <key>pt_elastic_zabbix[cluster,nodes:count:data_only]</key>
                    </item>
                </graph_item>
            </graph_items>
        </graph>
        <graph>
            <name>Doc index rate</name>
            <graph_items>
                <graph_item>
                    <color>00C800</color>
                    <item>
                        <host>Template App PTAF ElasticSearch</host>
                        <key>pt_elastic_zabbix[cluster,indices:docs:count]</key>
                    </item>
                </graph_item>
            </graph_items>
        </graph>
        <graph>
            <name>Field data performance</name>
            <graph_items>
                <graph_item>
                    <color>C80000</color>
                    <item>
                        <host>Template App PTAF ElasticSearch</host>
                        <key>pt_elastic_zabbix[cluster,indices:fielddata:memory_size_in_bytes]</key>
                    </item>
                </graph_item>
                <graph_item>
                    <sortorder>1</sortorder>
                    <color>00C800</color>
                    <item>
                        <host>Template App PTAF ElasticSearch</host>
                        <key>pt_elastic_zabbix[cluster,indices:fielddata:evictions]</key>
                    </item>
                </graph_item>
            </graph_items>
        </graph>
        <graph>
            <name>Filter cache performance</name>
            <graph_items>
                <graph_item>
                    <color>C80000</color>
                    <item>
                        <host>Template App PTAF ElasticSearch</host>
                        <key>pt_elastic_zabbix[cluster,indices:filter_cache:memory_size_in_bytes]</key>
                    </item>
                </graph_item>
                <graph_item>
                    <sortorder>1</sortorder>
                    <color>00C800</color>
                    <item>
                        <host>Template App PTAF ElasticSearch</host>
                        <key>pt_elastic_zabbix[cluster,indices:filter_cache:evictions]</key>
                    </item>
                </graph_item>
            </graph_items>
        </graph>
        <graph>
            <name>Index Latency</name>
            <graph_items>
                <graph_item>
                    <color>00C800</color>
                    <item>
                        <host>Template App PTAF ElasticSearch</host>
                        <key>pt_elastic_zabbix[indices,_all:total:flush:total_time_in_millis]</key>
                    </item>
                </graph_item>
                <graph_item>
                    <sortorder>1</sortorder>
                    <color>C80000</color>
                    <item>
                        <host>Template App PTAF ElasticSearch</host>
                        <key>pt_elastic_zabbix[indices,_all:total:get:time_in_millis]</key>
                    </item>
                </graph_item>
                <graph_item>
                    <sortorder>2</sortorder>
                    <color>0000C8</color>
                    <item>
                        <host>Template App PTAF ElasticSearch</host>
                        <key>pt_elastic_zabbix[indices,_all:total:indexing:index_time_in_millis]</key>
                    </item>
                </graph_item>
                <graph_item>
                    <sortorder>3</sortorder>
                    <color>C800C8</color>
                    <item>
                        <host>Template App PTAF ElasticSearch</host>
                        <key>pt_elastic_zabbix[indices,_all:total:merges:total_time_in_millis]</key>
                    </item>
                </graph_item>
                <graph_item>
                    <sortorder>4</sortorder>
                    <color>00C8C8</color>
                    <item>
                        <host>Template App PTAF ElasticSearch</host>
                        <key>pt_elastic_zabbix[indices,_all:total:refresh:total_time_in_millis]</key>
                    </item>
                </graph_item>
                <graph_item>
                    <sortorder>5</sortorder>
                    <color>C8C800</color>
                    <item>
                        <host>Template App PTAF ElasticSearch</host>
                        <key>pt_elastic_zabbix[indices,_all:total:search:query_time_in_millis]</key>
                    </item>
                </graph_item>
            </graph_items>
        </graph>
        <graph>
            <name>Index Operations</name>
            <graph_items>
                <graph_item>
                    <color>00C800</color>
                    <item>
                        <host>Template App PTAF ElasticSearch</host>
                        <key>pt_elastic_zabbix[indices,_all:total:flush:total]</key>
                    </item>
                </graph_item>
                <graph_item>
                    <sortorder>1</sortorder>
                    <color>C80000</color>
                    <item>
                        <host>Template App PTAF ElasticSearch</host>
                        <key>pt_elastic_zabbix[indices,_all:total:get:total]</key>
                    </item>
                </graph_item>
                <graph_item>
                    <sortorder>2</sortorder>
                    <color>0000C8</color>
                    <item>
                        <host>Template App PTAF ElasticSearch</host>
                        <key>pt_elastic_zabbix[indices,_all:total:indexing:index_total]</key>
                    </item>
                </graph_item>
                <graph_item>
                    <sortorder>3</sortorder>
                    <color>C800C8</color>
                    <item>
                        <host>Template App PTAF ElasticSearch</host>
                        <key>pt_elastic_zabbix[indices,_all:total:merges:total]</key>
                    </item>
                </graph_item>
                <graph_item>
                    <sortorder>4</sortorder>
                    <color>00C8C8</color>
                    <item>
                        <host>Template App PTAF ElasticSearch</host>
                        <key>pt_elastic_zabbix[indices,_all:total:refresh:total]</key>
                    </item>
                </graph_item>
                <graph_item>
                    <sortorder>5</sortorder>
                    <color>C8C800</color>
                    <item>
                        <host>Template App PTAF ElasticSearch</host>
                        <key>pt_elastic_zabbix[indices,_all:total:search:query_total]</key>
                    </item>
                </graph_item>
            </graph_items>
        </graph>
        <graph>
            <name>Query Performance</name>
            <graph_items>
                <graph_item>
                    <sortorder>1</sortorder>
                    <color>C80000</color>
                    <item>
                        <host>Template App PTAF ElasticSearch</host>
                        <key>pt_elastic_zabbix[indices,_all:total:search:query_total]</key>
                    </item>
                </graph_item>
            </graph_items>
        </graph>
        <graph>
            <name>Shard Movement</name>
            <type>STACKED</type>
            <graph_items>
                <graph_item>
                    <color>CC00CC</color>
                    <item>
                        <host>Template App PTAF ElasticSearch</host>
                        <key>pt_elastic_zabbix[health,unassigned_shards]</key>
                    </item>
                </graph_item>
                <graph_item>
                    <sortorder>1</sortorder>
                    <color>00CCCC</color>
                    <item>
                        <host>Template App PTAF ElasticSearch</host>
                        <key>pt_elastic_zabbix[health,initializing_shards]</key>
                    </item>
                </graph_item>
                <graph_item>
                    <sortorder>2</sortorder>
                    <color>00DD00</color>
                    <item>
                        <host>Template App PTAF ElasticSearch</host>
                        <key>pt_elastic_zabbix[health,relocating_shards]</key>
                    </item>
                </graph_item>
            </graph_items>
        </graph>
    </graphs>
</zabbix_export>
